{
  "MAE": 4.588059361482635,
  "RMSE": 5.761617247911013,
  "R2": 0.35106738816152316
}