funding_amount,market_size,team_experience_years,team_size,avg_education_level,has_patent,revenue_first_year,burn_rate,location_score,competition_score,sector
777636.3709562025,5958688.453247121,16.702823581956068,2,1.448910246568841,0,841878.7038282088,0.6466397684991423,0.42939121448528395,0.7198494937157072,Fintech
2104161.5407281737,8054914.54480698,14.337546711260227,11,2.2843753920412495,1,1439225.1506536363,0.6400148178027495,0.5630275272909478,0.32976761389901466,AI
1348502.074657089,2466456.737854685,14.661545927766744,23,2.306366305797994,0,2070823.8004352306,0.568716996723077,0.4975514541856925,0.29655681793803057,EdTech
5477038.337397659,2984199.3186703385,7.799217615187359,11,2.4252963939123506,0,1271577.1341525975,0.5168980585422611,0.6464322646133439,0.529171452285182,SaaS
2424742.749138886,5627246.7608513385,12.337895347444457,22,2.4156441129192703,0,840164.3918213493,0.5559254691414409,0.47222443035133155,0.4312144371933291,HealthTech
